#ff4c4c , 1
#34bf49 , 1
#fbb034 , 1
#ffdd00 , 1
#c1d82f , 1
#00a4e4 , 1
#8a7967 , 1
#6a737b , 1
#f47721 , 1
#00a78e , 1
#00bce4 , 1
#7d3f98 , 1
#49176d , 1
#00a0af , 1
#49a942 , 1
#003666 , 1
#00aeff , 1
#3369e7 , 1
#8e43e7 , 1
#b84592 , 1
#ff4f81 , 1
#ff6c5f , 1
#ffc168 , 1
#2dde98 , 1
#1cc7d0 , 1
#2ad2c9 , 1
#d0e100 , 1
#00f0f0 , 1
#00f000 , 1
#f0e000 , 1
#00a0f0 , 1
#9000f0 , 1
#f00000 , 1
#146eb4 , 1
#4d4f53 , 1
#6d6e70 , 1
#b4a996 , 1
#ecb731 , 1
#8ec06c , 1
#537b35 , 1
#c4dff6 , 1
#56a0d3 , 1
#0091cd , 1
#004b79 , 1
#7f181b , 1
#9f9fa3 , 1
#fb8a2e , 1
#00c4ff , 1
#ffb310 , 1
#1aafd0 , 1
#6a67ce , 1
#fc636b , 1
#fcb314 , 1
#067ab4 , 1
#3aa5dc , 1
#a71930 , 1
#a5acaf , 1
#a5a9ab , 1
#44c7f4 , 1
#eb5424 , 1
#d0d2d3 , 1
#2529d8 , 1
#00395d , 1
#5ecc62 , 1
#00ad45 , 1
#fff200 , 1
#70b29c , 1
#a3a3a3 , 1
#61b3de , 1
#8cb811 , 1
#fdb813 , 1
#88aca1 , 1
#788cb6 , 1
#a1a1a4 , 1
#8f8f8c , 1
#2754ba , 1
#00aee6 , 1
#799eb2 , 1
#b1d4e5 , 1
#0169a4 , 1
#3399cc , 1
#f1632a , 1
#f6f6f5 , 1
#009fe3 , 1
#feba02 , 1
#666 , 1
#f2f6fa , 1
#ef5734 , 1
#00acee , 1
#2baf2b , 1
#543729 , 1
#cecece , 1
#003f87 , 1
#eb2226 , 1
#01295c , 1
#efe9e5 , 1
#aca095 , 1
#b9cfed , 1
#553a99 , 1
#6cbc35 , 1
#fd9f3e , 1
#08538c , 1
#ee4f4f , 1
#fff9ea , 1
#76b852 , 1
#323b43 , 1
#59626a , 1
#ced7df , 1
#eff3f6 , 1
#f4f7f9 , 1
#fdbd10 , 1
#0066b2 , 1
#ed7902 , 1
#d03027 , 1
#bb1e10 , 1
#f67828 , 1
#237f52 , 1
#d74e26 , 1
#006837 , 1
#fa9f1e , 1
#f7931e , 1
#ed008c , 1
#fff000 , 1
#a6192e , 1
#decba5 , 1
#2e9df7 , 1
#522d80 , 1
#d4c99e , 1
#685c53 , 1
#a25016 , 1
#562e19 , 1
#86898c , 1
#f9e498 , 1
#566127 , 1
#3a4958 , 1
#b5c327 , 1
#109dc0 , 1
#c68143 , 1
#204056 , 1
#47cf73 , 1
#ae63e4 , 1
#fcd000 , 1
#ff3c41 , 1
#76daff , 1
#016773 , 1
#00a5dc , 1
#004eaf , 1
#2db928 , 1
#057855 , 1
#ff2d37 , 1
#737373 , 1
#cdcdcd , 1
#85c446 , 1
#c0de9e , 1
#b9dca4 , 1
#cf0072 , 1
#d9e506 , 1
#ff7900 , 1
#00c6d7 , 1
#766a65 , 1
#ae9a64 , 1
#e42313 , 1
#8b8c8d , 1
#182b45 , 1
#6b0f24 , 1
#193725 , 1
#606061 , 1
#cd595a , 1
#94938f , 1
#a3a7a6 , 1
#dbc5b0 , 1
#f8dfc2 , 1
#f9ebdf , 1
#7ab800 , 1
#f2af00 , 1
#dc5034 , 1
#b7295a , 1
#6e2585 , 1
#71c6c1 , 1
#5482ab , 1
#009bbb , 1
#862633 , 1
#003a70 , 1
#00b7c9 , 1
#dbc65d , 1
#4dc47d , 1
#181a1b , 1
#c9c9c9 , 1
#003f69 , 1
#954010 , 1
#445c6e , 1
#005238 , 1
#97824b , 1
#f9a852 , 1
#f69653 , 1
#f38654 , 1
#f07654 , 1
#ed6856 , 1
#ef5956 , 1
#ee4c58 , 1
#56c1ab , 1
#6a6b6a , 1
#2c5770 , 1
#0f723a , 1
#00629b , 1
#003865 , 1
#f5df2e , 1
#99aab5 , 1
#2c2f33 , 1
#23272a , 1
#384d54 , 1
#e21737 , 1
#fdbb30 , 1
#ed8b00 , 1
#f15d22 , 1
#bf0d3e , 1
#910048 , 1
#d0006f , 1
#ea4c89 , 1
#8aba56 , 1
#ff8833 , 1
#00b6e3 , 1
#9ba5a8 , 1
#7b8994 , 1
#47525d , 1
#3d464d , 1
#81ceff , 1
#00598e , 1
#212a3e , 1
#8ee000 , 1
#faa918 , 1
#ffc715 , 1
#d33131 , 1
#e53838 , 1
#1cb0f6 , 1
#14d4f4 , 1
#8549ba , 1
#a560e8 , 1
#4c4c4c , 1
#6f6f6f , 1
#cfcfcf , 1
#bff199 , 1
#f7c8c9 , 1
#99cc00 , 1
#58595b , 1
#0064d2 , 1
#f5af02 , 1
#86b817 , 1
#918978 , 1
#5cc3e8 , 1
#ffdb00 , 1
#79ceb8 , 1
#e95f5c , 1
#e6e6e6 , 1
#404040 , 1
#01b5dd , 1
#b0db64 , 1
#48b8e7 , 1
#efecea , 1
#2c2b2b , 1
#4ba6f5 , 1
#fdca30 , 1
#f79400 , 1
#f34235 , 1
#2facb2 , 1
#166a8f , 1
#3b4446 , 1
#525e61 , 1
#aeb6b8 , 1
#d7dcdd , 1
#eff2f3 , 1
#b06010 , 1
#004990 , 1
#b50938 , 1
#494e58 , 1
#00cc00 , 1
#0099cc , 1
#6d2d41 , 1
#ff9500 , 1
#ffcb00 , 1
#0095dd , 1
#331e54 , 1
#955214 , 1
#55601c , 1
#005172 , 1
#f54785 , 1
#343434 , 1
#efc402 , 1
#d4891c , 1
#338d11 , 1
#009ae7 , 1
#ff0084 , 1
#f67019 , 1
#f53794 , 1
#537bc4 , 1
#acc236 , 1
#0732a2 , 1
#2d5be3 , 1
#ff9c2a , 1
#ff4025 , 1
#3949ab , 1
#e8d4a2 , 1
#2f6f7e , 1
#1e72bd , 1
#a99260 , 1
#718087 , 1
#5ba4e5 , 1
#9fbb58 , 1
#e9e8dd , 1
#436f8e , 1
#887d59 , 1
#8f9696 , 1
#6cc644 , 1
#bd2c00 , 1
#c9510c , 1
#6e5494 , 1
#fafafa , 1
#333 , 1
#fc6d26 , 1
#e24329 , 1
#554488 , 1
#f68d42 , 1
#ed1965 , 1
#f2f0ed , 1
#3a3133 , 1
#339966 , 1
#40b4e5 , 1
#7c868d , 1
#34a853 , 1
#fbbc05 , 1
#ea4335 , 1
#d5df00 , 1
#475258 , 1
#463014 , 1
#3b3141 , 1
#f0ece6 , 1
#fec600 , 1
#f39100 , 1
#e3001f , 1
#e50064 , 1
#954a97 , 1
#009ee3 , 1
#13a538 , 1
#ff2b00 , 1
#394956 , 1
#d6dde3 , 1
#6762a6 , 1
#f7afff , 1
#5d70ea , 1
#46b7fd , 1
#f7e8d5 , 1
#ffbd0a , 1
#c6af92 , 1
#71685f , 1
#54493f , 1
#38322d , 1
#d7410b , 1
#99cc33 , 1
#41811e , 1
#e8e8e8 , 1
#bf5b20 , 1
#006e96 , 1
#8c8700 , 1
#ad5f7d , 1
#d79100 , 1
#79afc1 , 1
#7d0100 , 1
#8baaff , 1
#ff4400 , 1
#003399 , 1
#5851db , 1
#833ab4 , 1
#c13584 , 1
#e1306c , 1
#fd1d1d , 1
#f56040 , 1
#f77737 , 1
#fcaf45 , 1
#ffdc80 , 1
#1565c0 , 1
#1e88e5 , 1
#bcced6 , 1
#f2f7f9 , 1
#428bca , 1
#fecb2e , 1
#fd9426 , 1
#fc3158 , 1
#147efb , 1
#53d769 , 1
#fc3d39 , 1
#8e8e93 , 1
#02a388 , 1
#0c0d0d , 1
#e8eded , 1
#dce1e1 , 1
#5091cd , 1
#f9a541 , 1
#7acef4 , 1
#d52a1d , 1
#242f3a , 1
#0f2105 , 1
#3db4e7 , 1
#236133 , 1
#26b6e8 , 1
#af0809 , 1
#0c2340 , 1
#00a3e0 , 1
#ede04b , 1
#d9e1e2 , 1
#d11013 , 1
#313335 , 1
#86888a , 1
#caccce , 1
#00a0dc , 1
#8d6cab , 1
#dd5143 , 1
#e68523 , 1
#232121 , 1
#f78822 , 1
#f6db35 , 1
#6dc067 , 1
#4185be , 1
#8f499c , 1
#e0d86e , 1
#9ea900 , 1
#6ec9e0 , 1
#007ea3 , 1
#9e4770 , 1
#631d76 , 1
#00a0df , 1
#352384 , 1
#333447 , 1
#f3f3f5 , 1
#ffa930 , 1
#52bad5 , 1
#6dc5dc , 1
#373737 , 1
#5d5c5d , 1
#3887be , 1
#8a8acb , 1
#56b881 , 1
#50667f , 1
#41afa5 , 1
#f9886c , 1
#e55e5e , 1
#ed6498 , 1
#fbb03b , 1
#142736 , 1
#28353d , 1
#222b30 , 1
#ff8100 , 1
#ffd200 , 1
#000066 , 1
#e76a05 , 1
#47bc00 , 1
#05007b , 1
#9748a8 , 1
#2bb3f3 , 1
#865200 , 1
#dd1321 , 1
#2d3277 , 1
#7cbb00 , 1
#00a1f1 , 1
#ffbb00 , 1
#f4f5f6 , 1
#606c76 , 1
#273a4b , 1
#1d2d3b , 1
#ec4534 , 1
#eeb111 , 1
#e87d1e , 1
#94ce08 , 1
#00386b , 1
#969491 , 1
#d7d3c8 , 1
#4d4e53 , 1
#fa1d42 , 1
#f29111 , 1
#0b3d91 , 1
#dc380f , 1
#9f0812 , 1
#6347b2 , 1
#368dd5 , 1
#70af1e , 1
#7e887a , 1
#7b858e , 1
#221f1f , 1
#f5f5f1 , 1
#f3ec19 , 1
#207c88 , 1
#aac1bf , 1
#e8e9d7 , 1
#4c4d4f , 1
#2a2a2a , 1
#44355b , 1
#31263e , 1
#ee5622 , 1
#221e22 , 1
#27a770 , 1
#f5dc00 , 1
#e95814 , 1
#e2142d , 1
#6cc24a , 1
#44883e , 1
#557665 , 1
#a13323 , 1
#e65124 , 1
#ec7f22 , 1
#f8b22a , 1
#ffd430 , 1
#00337f , 1
#744da8 , 1
#1fb3e0 , 1
#49c219 , 1
#f4dc2a , 1
#eeb417 , 1
#d65129 , 1
#dfb226 , 1
#777777 , 1
#90cef1 , 1
#ffc20e , 1
#9c9e9f , 1
#7f7f7f , 1
#009cde , 1
#012169 , 1
#9d1348 , 1
#008b5d , 1
#364395 , 1
#004883 , 1
#d75444 , 1
#616365 , 1
#d6006e , 1
#75d1e0 , 1
#7dba00 , 1
#cc292b , 1
#00a950 , 1
#f8971d , 1
#f7d417 , 1
#4a245e , 1
#f26649 , 1
#4f5b93 , 1
#99cc99 , 1
#00a160 , 1
#ffc425 , 1
#f5756c , 1
#98afc0 , 1
#2f3148 , 1
#50bcb6 , 1
#fb0a2a , 1
#17ad49 , 1
#36454f , 1
#534540 , 1
#988f8c , 1
#00b27f , 1
#8a90c7 , 1
#98700d , 1
#4584b6 , 1
#8cc04b , 1
#0054a4 , 1
#4d5255 , 1
#5f99cf , 1
#cee3f8 , 1
#01b287 , 1
#ff9f1c , 1
#e5505a , 1
#854c9e , 1
#f58021 , 1
#f58025 , 1
#3a6e8f , 1
#87b2d8 , 1
#8d8b00 , 1
#c1d72f , 1
#fffaec , 1
#a1cd3d , 1
#003e70 , 1
#edd51c , 1
#ffff00 , 1
#5f6a72 , 1
#ff1100 , 1
#75787b , 1
#0689d8 , 1
#e4002b , 1
#c800a1 , 1
#685bc7 , 1
#0057b8 , 1
#00a9e0 , 1
#009ca6 , 1
#00b140 , 1
#c8aa76 , 1
#84a40b , 1
#009a44 , 1
#0095c8 , 1
#003da5 , 1
#002855 , 1
#ff8200 , 1
#ad1aac , 1
#7c3a2d , 1
#8c857b , 1
#ffaa00 , 1
#ff7700 , 1
#9911aa , 1
#cc2288 , 1
#aadd22 , 1
#242424 , 1
#949494 , 1
#e4e4e4 , 1
#f4f4f4 , 1
#ee3e34 , 1
#479ccf , 1
#2d3538 , 1
#f2f7fa , 1
#68b8be , 1
#e9a820 , 1
#e01563 , 1
#3eb991 , 1
#41b7d8 , 1
#f29556 , 1
#84afa2 , 1
#72c427 , 1
#f24c7c , 1
#00aaf2 , 1
#0c88b1 , 1
#a7a8aa , 1
#ff3300 , 1
#191414 , 1
#59cb59 , 1
#2bb656 , 1
#0ca750 , 1
#f3f4f4 , 1
#364141 , 1
#376db6 , 1
#4ca2da , 1
#91d8f4 , 1
#222426 , 1
#bcbbbb , 1
#2c8aec , 1
#828a87 , 1
#9db7c4 , 1
#ccd7dd , 1
#838f97 , 1
#002054 , 1
#79bde9 , 1
#ffc423 , 1
#bc9b6a , 1
#010101 , 1
#8b8b64 , 1
#bbbdc0 , 1
#ff7300 , 1
#fabd42 , 1
#cd0a20 , 1
#e8e9ea , 1
#595a5c , 1
#282828 , 1
#fdb913 , 1
#e36f1e , 1
#ffcd1a , 1
#ffa633 , 1
#b8b8b8 , 1
#72a114 , 1
#9dce0a , 1
#879b89 , 1
#c82641 , 1
#899197 , 1
#003c71 , 1
#5b6236 , 1
#744f28 , 1
#998542 , 1
#332c2c , 1
#707373 , 1
#d6d3c4 , 1
#8c8a8a , 1
#a67a00 , 1
#26313b , 1
#4e5860 , 1
#a6abaf , 1
#d9e0e2 , 1
#fafbfc , 1
#4f5b65 , 1
#b3812a , 1
#a01a1f , 1
#b90c13 , 1
#086556 , 1
#431c69 , 1
#555555 , 1
#cccccc , 1
#e9e9e9 , 1
#f7f7f7 , 1
#00a480 , 1
#ed9f40 , 1
#6a76ac , 1
#17170e , 1
#534b38 , 1
#a6a480 , 1
#47535b , 1
#70b500 , 1
#ff9f1a , 1
#eb5a46 , 1
#f2d600 , 1
#c377e0 , 1
#ff78cb , 1
#00c2e0 , 1
#51e898 , 1
#c4c9cc , 1
#d52b1d , 1
#043623 , 1
#eff5f0 , 1
#b9a3e3 , 1
#262626 , 1
#f1f1f1 , 1
#14171a , 1
#657786 , 1
#aab8c2 , 1
#e1e8ed , 1
#f5f8fa , 1
#c0c0c8 , 1
#1fbad6 , 1
#77216f , 1
#2c001e , 1
#aea79f , 1
#3b7ea1 , 1
#fdb515 , 1
#c4820e , 1
#18a3ac , 1
#90bd31 , 1
#178ccb , 1
#fe230a , 1
#ff9600 , 1
#000064 , 1
#b41428 , 1
#f57814 , 1
#e6d7aa , 1
#f0e6c8 , 1
#7c81b8 , 1
#ff967d , 1
#ffc87d , 1
#00cccc , 1
#fff600 , 1
#ff0066 , 1
#19e3b1 , 1
#ff7f33 , 1
#b83c82 , 1
#009cd1 , 1
#3b515b , 1
#ffdb05 , 1
#0072cf , 1
#ea7125 , 1
#55a51c , 1
#8f2bbc , 1
#00b1c1 , 1
#0021a5 , 1
#fa6300 , 1
#ffcb05 , 1
#18453b , 1
#005f86 , 1
#43695b , 1
#f2a900 , 1
#382f2d , 1
#d6d2c4 , 1
#f5aa1c , 1
#c63527 , 1
#002754 , 1
#b7a57a , 1
#85754d , 1
#000 , 1
#98c646 , 1
#694d88 , 1
#5382af , 1
#d06d34 , 1
#5f9a38 , 1
#474d52 , 1
#ffb500 , 1
#64a70b , 1
#e71921 , 1
#218748 , 1
#f2f2f2 , 1
#3285dc , 1
#8f5db7 , 1
#e2d4e7 , 1
#a5cfd5 , 1
#81cd50 , 1
#111111 , 1
#9f2af8 , 1
#aaaaaa , 1
#dff0d8 , 1
#d24663 , 1
#1ab7ea , 1
#222221 , 1
#f7b600 , 1
#f04494 , 1
#0ac578 , 1
#4a4d4e , 1
#9c2aa0 , 1
#00b0ca , 1
#007c92 , 1
#a8b400 , 1
#fecb00 , 1
#eb9800 , 1
#115740 , 1
#65665c , 1
#517891 , 1
#212721 , 1
#35495e , 1
#f37520 , 1
#489cd4 , 1
#2774a6 , 1
#35393d , 1
#79b9e7 , 1
#f47421 , 1
#76c143 , 1
#ffc120 , 1
#e7f0f7 , 1
#f2f8fd , 1
#00a2e1 , 1
#4ec7c4 , 1
#00959f , 1
#3b9bcc , 1
#199fda , 1
#028948 , 1
#0067b3 , 1
#9d0a0e , 1
#003369 , 1
#128c7e , 1
#25d366 , 1
#dcf8c6 , 1
#34b7f1 , 1
#ece5dd , 1
#b52f2c , 1
#636466 , 1
#78dcfa , 1
#00aadc , 1
#005082 , 1
#87a6bc , 1
#f3f6f8 , 1
#a8bece , 1
#668eaa , 1
#4f748e , 1
#3d596d , 1
#2e4453 , 1
#f0821e , 1
#4ab866 , 1
#f0b849 , 1
#d94f4f , 1
#0054a0 , 1
#aaba0a , 1
#dd7500 , 1
#e23d28 , 1
#3d8e33 , 1
#ff3399 , 1
#fcd116 , 1
#8c88cd , 1
#69c5e4 , 1
#ffdf8b , 1
#61e064 , 1
#cfdc00 , 1
#e74c3c , 1
#8e44ad , 1
#2980b9 , 1
#f1c40f , 1
#16a085 , 1
#34495e , 1
#3498db , 1
#2ecc71 , 1
#1abc9c , 1
#fd7622 , 1
#ffc43e , 1
#5f6c72 , 1
#499df3 , 1
#13d0ab , 1
#f79a3e , 1
#eb6651 , 1
#30aabc , 1
#eb4962 , 1
#37b8af , 1
#78a300 , 1
#f0ca28 , 1
#2d2d2d , 1
#f4f4f2 , 1
#0099e5 , 2
#00a98f , 2
#d20962 , 2
#7ac143 , 2
#ffd900 , 2
#fd5c63 , 2
#0079c1 , 2
#050f2c , 2
#ff6a00 , 2
#020202 , 2
#002663 , 2
#ed1b2e , 2
#d7d7d8 , 2
#a4c639 , 2
#7fbb00 , 2
#b52e31 , 2
#136ad5 , 2
#ff0b00 , 2
#1793d1 , 2
#990033 , 2
#3be8b0 , 2
#ff322e , 2
#ff7200 , 2
#013ca6 , 2
#16214d , 2
#d40000 , 2
#de0f17 , 2
#629aa9 , 2
#2a5934 , 2
#b3dcff , 2
#e01f3d , 2
#e04646 , 2
#1769ff , 2
#003b64 , 2
#a0ac48 , 2
#505050 , 2
#205081 , 2
#ee6123 , 2
#005387 , 2
#123962 , 2
#f57d00 , 2
#0033a1 , 2
#09347a , 2
#464646 , 2
#b7b7b7 , 2
#8996a0 , 2
#003580 , 2
#ffcc2f , 2
#0061d5 , 2
#075aaa , 2
#a7a9ac , 2
#d52685 , 2
#168eea , 2
#ec1c24 , 2
#ee3322 , 2
#00aaff , 2
#472f92 , 2
#bc0024 , 2
#004977 , 2
#613854 , 2
#00387b , 2
#388ed1 , 2
#84754e , 2
#ec2c22 , 2
#ffc907 , 2
#231f20 , 2
#ff7243 , 2
#f66733 , 2
#ed1c16 , 2
#616f67 , 2
#f65a5b , 2
#0ebeff , 2
#d2ea32 , 2
#ffa500 , 2
#969696 , 2
#f0f0f0 , 2
#689550 , 2
#da5a47 , 2
#8ba753 , 2
#830051 , 2
#2292a7 , 2
#005696 , 2
#1d1d1b , 2
#263f6a , 2
#a80030 , 2
#334858 , 2
#eeeeee , 2
#0085c3 , 2
#c8102e , 2
#f99104 , 2
#2d72d9 , 2
#e64b50 , 2
#05cc47 , 2
#febd17 , 2
#ffcd00 , 2
#005be2 , 2
#008bcf , 2
#fdb94e , 2
#f05d21 , 2
#c7c8ca , 2
#00a6d6 , 2
#7289da , 2
#ec1944 , 2
#2e9fff , 2
#092e20 , 2
#0db7ed , 2
#0b648f , 2
#e80033 , 2
#007ee5 , 2
#5654a4 , 2
#0077c0 , 2
#2da9d7 , 2
#7ac70c , 2
#ff7404 , 2
#6633cc , 2
#e53238 , 2
#131137 , 2
#0d69af , 2
#f23819 , 2
#314855 , 2
#40b3ff , 2
#82b541 , 2
#ff2052 , 2
#0d9ddb , 2
#d5641c , 2
#33cc99 , 2
#2dbe60 , 2
#7b868a , 2
#da9a39 , 2
#dd0017 , 2
#3b5998 , 2
#6caddf , 2
#a6a685 , 2
#fa5c4f , 2
#3098dc , 2
#660099 , 2
#2bb24c , 2
#e32119 , 2
#96172e , 2
#e66000 , 2
#00539f , 2
#ff8e00 , 2
#4cc2c4 , 2
#ed174f , 2
#f67c1a , 2
#f10087 , 2
#0063dc , 2
#e12828 , 2
#2971b2 , 2
#4dc9f6 , 2
#1c396d , 2
#ee3440 , 2
#5b9a68 , 2
#f94877 , 2
#006400 , 2
#efefef , 2
#0f99d6 , 2
#00457c , 2
#009bff , 2
#007cc3 , 2
#484848 , 2
#1b212b , 2
#4a742c , 2
#041e42 , 2
#212425 , 2
#d6156c , 2
#4078c0 , 2
#fca326 , 2
#46bc99 , 2
#663300 , 2
#7db701 , 2
#ff8a00 , 2
#e80029 , 2
#553b08 , 2
#dd4b39 , 2
#1e8cbe , 2
#e30061 , 2
#82b548 , 2
#fba919 , 2
#72ef36 , 2
#0863b5 , 2
#0f9d58 , 2
#0087b4 , 2
#00a100 , 2
#3197d6 , 2
#c9c3e6 , 2
#00b388 , 2
#425563 , 2
#fd9827 , 2
#a26eea , 2
#f96305 , 2
#2a6ebb , 2
#003265 , 2
#7ac142 , 2
#0096d6 , 2
#db0011 , 2
#e34f26 , 2
#66aa33 , 2
#6d6e71 , 2
#006699 , 2
#32c24d , 2
#cc0066 , 2
#789240 , 2
#33ccff , 2
#c6002b , 2
#f5de50 , 2
#85bf25 , 2
#2164f4 , 2
#eb1478 , 2
#60ab59 , 2
#405de6 , 2
#0d1a2b , 2
#0f7dc2 , 2
#365ebf , 2
#5fc9f8 , 2
#fe423f , 2
#f44321 , 2
#0769ad , 2
#006c54 , 2
#00a9c0 , 2
#9cb443 , 2
#c21a30 , 2
#2bde73 , 2
#82bc23 , 2
#d70021 , 2
#63a541 , 2
#00b0df , 2
#00a1e4 , 2
#ddb321 , 2
#f55247 , 2
#d32d27 , 2
#333f48 , 2
#f6ec35 , 2
#00c300 , 2
#cf202e , 2
#d81f2a , 2
#1e1e1e , 2
#eb0028 , 2
#000099 , 2
#576396 , 2
#ff00bf , 2
#f46f25 , 2
#168de2 , 2
#239ab9 , 2
#3bb2d0 , 2
#004a77 , 2
#bf0c0c , 2
#ffc600 , 2
#00ab6c , 2
#e0393e , 2
#0a4d8c , 2
#ffe600 , 2
#0084ff , 2
#f65314 , 2
#783bd2 , 2
#ea3e23 , 2
#9b4dca , 2
#52aad8 , 2
#a086d3 , 2
#ee1d23 , 2
#c6d6df , 2
#589636 , 2
#ce1141 , 2
#5c92fa , 2
#c13832 , 2
#ff6633 , 2
#1fadc5 , 2
#00758f , 2
#fc3d21 , 2
#0071bf , 2
#e1ac26 , 2
#00afd8 , 2
#e50914 , 2
#39bd00 , 2
#ce2724 , 2
#19975d , 2
#504847 , 2
#4bad31 , 2
#75af42 , 2
#215732 , 2
#124191 , 2
#0390d8 , 2
#003466 , 2
#765438 , 2
#cb3837 , 2
#ffc61e , 2
#76b900 , 2
#ed812b , 2
#008272 , 2
#8d989a , 2
#08107b , 2
#1b5faa , 2
#eeaf00 , 2
#cc0f16 , 2
#dc4405 , 2
#c7202c , 2
#0f58a8 , 2
#005483 , 2
#ee3423 , 2
#e6461a , 2
#f05000 , 2
#ed6b06 , 2
#e32934 , 2
#3aa4c6 , 2
#0e5fd8 , 2
#0ea0db , 2
#8892be , 2
#0000e6 , 2
#bd081c , 2
#ee3124 , 2
#6585ed , 2
#414f5a , 2
#ef4056 , 2
#0099ff , 2
#ef5b25 , 2
#318bff , 2
#1885bf , 2
#ee7f2d , 2
#da552f , 2
#505264 , 2
#c28e0e , 2
#ffde57 , 2
#646464 , 2
#e0001b , 2
#e10019 , 2
#ff5454 , 2
#a82400 , 2
#66ceff , 2
#c7053d , 2
#00ff00 , 2
#e11b22 , 2
#00d8ff , 2
#990000 , 2
#f29023 , 2
#ff4500 , 2
#a02021 , 2
#0a2239 , 2
#ed1c27 , 2
#b32317 , 2
#e43526 , 2
#0ba6ab , 2
#6f1ab1 , 2
#680021 , 2
#939598 , 2
#e22027 , 2
#62b0d9 , 2
#fdd800 , 2
#3f1a0a , 2
#f26522 , 2
#cc342d , 2
#ec8a00 , 2
#1798c1 , 2
#1428a0 , 2
#e91e22 , 2
#fd5a1e , 2
#4d2177 , 2
#004851 , 2
#1a7bba , 2
#004488 , 2
#0088ff , 2
#0168b3 , 2
#96bf48 , 2
#f01f74 , 2
#009999 , 2
#f26b21 , 2
#00800d , 2
#00aff0 , 2
#00338d , 2
#6ecadc , 2
#e53b2c , 2
#f36f21 , 2
#fffc00 , 2
#29c4d0 , 2
#008ace , 2
#f80046 , 2
#fedf00 , 2
#ff8800 , 2
#fc00c1 , 2
#1db954 , 2
#ffe100 , 2
#75dd66 , 2
#28c101 , 2
#1e5397 , 2
#00704a , 2
#d7584f , 2
#3b5a6f , 2
#f97200 , 2
#fc4c02 , 2
#0f90fa , 2
#004b91 , 2
#eb4924 , 2
#489e3b , 2
#e61718 , 2
#00447c , 2
#f06d1f , 2
#e20074 , 2
#339900 , 2
#e62b1e , 2
#0088cc , 2
#e92c4c , 2
#a41e35 , 2
#ee1c2e , 2
#500000 , 2
#ee8421 , 2
#293f6f , 2
#ff3c1f , 2
#006b95 , 2
#00745e , 2
#8560a8 , 2
#da3d34 , 2
#6fbc6d , 2
#0079bf , 2
#00af87 , 2
#5eab1f , 2
#35465c , 2
#c30f24 , 2
#355ebe , 2
#1ec95b , 2
#6441a5 , 2
#1da1f2 , 2
#98ce1e , 2
#d2de61 , 2
#ff8700 , 2
#09091a , 2
#dd4814 , 2
#5e2750 , 2
#003262 , 2
#052049 , 2
#10167f , 2
#222c37 , 2
#e2001a , 2
#007c41 , 2
#d6083b , 2
#fa4616 , 2
#131f33 , 2
#005daa , 2
#00274c , 2
#fce122 , 2
#bf5700 , 2
#005493 , 2
#4b2e83 , 2
#ffd54f , 2
#ffbd00 , 2
#c822b0 , 2
#351c15 , 2
#333366 , 2
#3388ff , 2
#f07355 , 2
#59267c , 2
#f82a53 , 2
#3c9cd7 , 2
#162221 , 2
#00b488 , 2
#1e91d0 , 2
#c3092d , 2
#1a1f71 , 2
#31577a , 2
#14acf2 , 2
#45668e , 2
#e60000 , 2
#003057 , 2
#42b883 , 2
#e31837 , 2
#007dc6 , 2
#414b56 , 2
#1c2d37 , 2
#eea642 , 2
#7bb32e , 2
#e2203d , 2
#005195 , 2
#075e54 , 2
#2fa5d6 , 2
#00bcf2 , 2
#68217a , 2
#5b009c , 2
#21759b , 2
#d54e21 , 2
#0087be , 2
#e9eff3 , 2
#622599 , 2
#0066a1 , 2
#e66760 , 2
#2b96f1 , 2
#d7182a , 2
#52b043 , 2
#026466 , 2
#3299cc , 2
#410093 , 2
#af0606 , 2
#9b59b6 , 2
#cd201f , 2
#ff4a00 , 2
#00363d , 2
#9dbc7a , 2
#1277e1 , 2
#cb202d , 2
#ff9d3b , 2
#ffb900 , 3
#ce1126 , 3
#3399ff , 3
#ba0c2f , 3
#002561 , 3
#002147 , 3
#fbb040 , 3
#f5f5f5 , 3
#cc3333 , 3
#00adee , 3
#ff6900 , 3
#f48024 , 3
#ffd400 , 3
#ed1c24 , 4
#ff9900 , 4
#ff0033 , 4
#0093d0 , 4
#d51007 , 4
#0077b5 , 4
#003087 , 4
#00afe1 , 4
#e74635 , 4
#003366 , 5
#00aeef , 5
#007dc3 , 5
#666666 , 5
#ff8000 , 5
#999999 , 5
#4285f4 , 6
#cc0033 , 6
#333333 , 7
#222222 , 7
#444444 , 7
#ffcc00 , 8
#ff0000 , 10
#ff6600 , 12
#cc0000 , 18
#000000 , 66
